,1st Fold,2nd Fold,3rd Fold,4th Fold,5th Fold,mean
256,0.9293810129165649,0.9293810129165649,0.9197207689285278,0.9275741577148438,0.9354275465011597,0.9282968997955322
512,0.926765501499176,0.9276373386383057,0.9354275465011597,0.9214659929275513,0.926701545715332,0.9275995850563049
128,0.9171752333641052,0.9258936643600464,0.9310645461082458,0.9136125445365906,0.9310645461082458,0.9237621068954468
64,0.9206625819206238,0.9232780933380127,0.9301919937133789,0.9214659929275513,0.9232111573219299,0.9237619638442993
1024,0.9215344190597534,0.9093286991119385,0.9214659929275513,0.9214659929275513,0.9127399921417236,0.9173070192337036
32,0.8997384309768677,0.9084568619728088,0.9101221561431885,0.9101221561431885,0.9013961553573608,0.9059671521186828
16,0.8334786295890808,0.8195292353630066,0.8368237614631653,0.7984293103218079,0.8446771502494812,0.8265876173973083
8,0.6120314002037048,0.616390585899353,0.5837696194648743,0.6055846214294434,0.6335078477859497,0.6102568149566651
